subscriber_type,xBillId_pk,xSubscriptionId_fk,xStartReadId_fk,xEndReadId_fk,xSubscriptionLogId_fk,xTariffValueId_fk,xBillStartDate,xBillEndDate,xBillDayNum,xBillIdentity,xPayIdentity,xPrintNum,xBillTypeId_fk,xIsDuration,xDuration,xBillChangingReasonId_fk,xDistributionDate,xMinusUnit,xPaymentSpaceDate,xBillRescissionDate,xBillRescissionTime,xReadPower,xLowKw,xMeduimKw,xHighKw,xReactiveLowKw,xReactiveMeduimKw,xReactiveHighKw,xFridayLowKw,xFridayMeduimKw,xFridayHighKw,xLowValue,xMeduimValue,xHighValue,xReactiveLowValue,xReactiveMeduimValue,xReactiveHighValue,xFridayLowValue,xFridayMeduimValue,xFridayHighValue,xMaintainValue,xFixValue,x44Value,xSeasonValue,xDebitValue,xMinusValue,xTollValue,xSurplusValue,xDurationValue,xEmissionDate,xEmissionTime,xBillLastUpdaterId_fk,xBillStartDateInt,xBillEndDateInt,xEmissionDateInt,xBillRescissionDateInt,xDiscountValue,xHighPenaltyValue,xMeduimDiscountValue,xLowDiscountValue,xYaranehPrevUsageValue,xYaranehNextUsageValue,xInsuranceValue,xEnergyTollValue,xSeasonDayNum,xHotDayNum,xCalcPower,xPowerCoef,xCalcCoef,xTropicalCoef,xFreeValue,xBillTypeName,xBillTypeCode,xBillChangingReasonName,xBillChangingReasonCode,xTariffCode,xTariffOldCode,xTariffId_pk,xTariffName,xPresureGroupId_fk,xPressureGroupCode,xPressureGroupName,xUsageSubGroupId_fk,xUsageGroupCode,xUsageGroupName,xUsageSubGroupCode,xUsageSubGroupName,xReadTypeName,lastInsertTime,lastUpdateTime
NON_FAHAM,226631983,115298,184592704,188313355,1132215,,1405/01/26,1405/05/30,128,7011529802223,403950329,0,5,1,1405031,,,,1405/06/05,,,0.0,0,768,0,0,0,0,0,0,0,0,1573977,0,0,0,0,0,0,0,70218,0,0,0,1155709,143,170005,0,2883434,1405/05/31,12:46:28,462435,14050126,14050530,14050531,,0,0,0,0,0,,25600,162983,0,0,0.0,1.0,0.0,1.0,0,علی الحساب,4,,,1004101,1010,72,خانگی معمولی,14,4,ضعيف باديماندزير سي كيلووات,28,1,خانگي,00,خانگی معمولی,قرائت مامور,2026-08-23 02:55:33,
NON_FAHAM,224536254,128436,184288973,186236302,1177241,,1405/01/19,1405/03/12,55,7012843602227,763150278,0,1,1,1405021,5,,,1405/03/24,1405/03/20,14:32:26,0.0,0,464,0,0,0,0,0,0,0,0,4964512,0,0,0,0,0,0,0,29797,0,0,0,501,546,628085,0,7631045,1405/03/19,11:41:47,462249,14050119,14050312,14050319,14050320,0,0,0,0,0,,97000,625106,0,0,0.0,1.0,0.0,1.0,0,قطعی ,1,تغییر در ایین نامه ها و دستورالعمل ها,05,5014101,5110,99,سایر موارد1 -کمتر از سی کیلو وات,14,4,ضعيف باديماندزير سي كيلووات,22,5,ساير مصارف,01,سایرمصارف 1,قرائت مامور,2026-06-10 20:21:40,2026-06-11 02:38:07
NON_FAHAM,224684600,128436,184288973,186236302,1177241,,1405/01/19,1405/03/12,55,7012843602227,737050290,0,1,1,1405021,,,,1405/03/24,,,0.0,0,464,0,0,0,0,0,0,0,0,4746738,0,0,0,0,0,0,0,29797,0,0,0,501,217,606308,0,7369716,1405/03/20,14:32:26,3,14050119,14050312,14050320,,0,0,0,0,0,,97000,603328,0,0,0.0,1.0,0.0,1.0,0,قطعی ,1,,,5014101,5110,99,سایر موارد1 -کمتر از سی کیلو وات,14,4,ضعيف باديماندزير سي كيلووات,22,5,ساير مصارف,01,سایرمصارف 1,قرائت مامور,2026-06-11 02:22:47,
NON_FAHAM,226375895,128436,186236302,188053280,1177241,,1405/03/12,1405/05/17,67,7012843602227,1854050363,0,1,1,1405031,,,,1405/05/29,,,0.0,0,584,0,0,0,0,0,0,0,0,6601350,0,0,0,0,0,0,0,36868,0,0,942790,7370217,867,920028,0,11170650,1405/05/24,13:36:58,462249,14050312,14050517,14050524,,0,0,0,0,0,,134000,916341,47,0,0.0,1.0,0.0,1.0,0,قطعی ,1,,,5014101,5110,99,سایر موارد1 -کمتر از سی کیلو وات,14,4,ضعيف باديماندزير سي كيلووات,22,5,ساير مصارف,01,سایرمصارف 1,قرائت مامور,2026-08-16 03:41:17,
NON_FAHAM,224827189,151094,184732654,186521949,8315019,,1405/01/28,1405/03/25,59,7015109402225,,0,1,1,1405021,5,,,1405/04/01,1405/06/04,17:17:17,0.0,0,240,0,0,0,0,0,0,0,0,469124,0,0,0,0,0,0,0,32322,0,0,0,-957998,0,0,0,11401,1405/03/27,13:11:17,462249,14050128,14050325,14050327,14050604,518900,0,0,0,0,,11400,0,0,0,0.0,1.0,0.0,1.0,0,قطعی ,1,تغییر در ایین نامه ها و دستورالعمل ها,05,1004101,1010,72,خانگی معمولی,14,4,ضعيف باديماندزير سي كيلووات,28,1,خانگي,00,خانگی معمولی,قرائت مامور,2026-06-18 03:14:36,2026-08-27 11:38:20
NON_FAHAM,226800713,151094,184732654,186521949,8315019,,1405/01/28,1405/03/25,59,7015109402225,,0,1,1,1405021,,,,1405/04/01,,,0.0,0,240,0,0,0,0,0,0,0,0,469124,0,0,0,0,0,0,0,32322,0,0,0,-957998,0,0,0,11801,1405/06/04,17:17:17,3,14050128,14050325,14050604,,518900,0,0,0,0,,11800,0,0,0,0.0,1.0,0.0,1.0,0,قطعی ,1,,,1004101,1010,72,خانگی معمولی,14,4,ضعيف باديماندزير سي كيلووات,28,1,خانگي,00,خانگی معمولی,قرائت مامور,2026-08-27 05:56:48,
NON_FAHAM,226630514,151094,186521949,188311886,8315019,,1405/03/25,1405/05/29,66,7015109402225,,0,1,1,1405031,5,,,1405/06/05,1405/06/04,17:17:18,0.0,0,403,0,0,0,0,0,0,0,0,838182,0,0,0,0,0,0,0,36318,0,0,0,-946597,0,0,0,13200,1405/05/31,12:45:31,462435,14050325,14050529,14050531,14050604,903809,0,0,0,0,,13200,0,0,0,0.0,1.0,0.0,1.0,0,قطعی ,1,تغییر در ایین نامه ها و دستورالعمل ها,05,1004101,1010,72,خانگی معمولی,14,4,ضعيف باديماندزير سي كيلووات,28,1,خانگي,00,خانگی معمولی,قرائت مامور,2026-08-23 02:55:20,2026-08-27 20:36:18
NON_FAHAM,226800718,151094,186521949,188311886,8315019,,1405/03/25,1405/05/29,66,7015109402225,,0,1,1,1405031,,,,1405/06/05,,,0.0,0,403,0,0,0,0,0,0,0,0,838182,0,0,0,0,0,0,0,36318,0,0,0,-946597,0,0,0,13200,1405/06/04,17:17:18,3,14050325,14050529,14050604,,903809,0,0,0,0,,13200,0,0,0,0.0,1.0,0.0,1.0,0,قطعی ,1,,,1004101,1010,72,خانگی معمولی,14,4,ضعيف باديماندزير سي كيلووات,28,1,خانگي,00,خانگی معمولی,قرائت مامور,2026-08-27 06:13:22,
NON_FAHAM,225732195,160725,185451722,187400326,1242979,,1405/02/23,1405/04/25,64,7016072502220,48250208,0,1,1,1405021,,,,1405/05/04,,,0.0,1,5,1,0,0,0,0,0,0,0,13545,0,0,0,0,0,0,0,35217,0,0,0,382,344,5024,0,481962,1405/04/30,13:46:06,462249,14050223,14050425,14050430,,0,1935,0,968,0,,12800,1502,0,0,0.0,1.0,0.0,1.0,0,قطعی ,1,,,1004103,1010,245,خانگی معمولی-سه زمانه,14,4,ضعيف باديماندزير سي كيلووات,28,1,خانگي,00,خانگی معمولی,قرائت مامور,2026-07-22 02:47:52,
NON_FAHAM,228995260,160725,187400326,189305794,1242979,,1405/04/25,1405/06/28,65,7016072502220,52650377,0,1,1,1405031,,,,1405/07/04,,,0.0,3,11,4,0,0,0,0,0,0,0,34830,0,0,0,0,0,0,0,35767,0,0,0,12552,464,7674,0,513912,1405/06/30,12:21:26,462435,14050425,14050628,14050630,,0,7740,0,2904,0,,13000,4098,0,0,0.0,1.0,0.0,1.0,0,قطعی ,1,,,1004103,1010,245,خانگی معمولی-سه زمانه,14,4,ضعيف باديماندزير سي كيلووات,28,1,خانگي,00,خانگی معمولی,قرائت مامور,2026-09-22 02:44:42,
NON_FAHAM,226008934,185499,185843627,187680899,1280666,,1405/03/02,1405/05/04,64,7018549902229,219250391,0,1,1,1405031,,,,1405/05/11,,,0.0,134,265,114,0,0,0,0,0,0,0,1311334,0,0,0,0,0,0,0,35217,0,0,0,819,181,147474,0,2191362,1405/05/06,13:41:58,462249,14050302,14050504,14050506,,0,220590,0,129712,0,,12800,143952,0,0,0.0,1.0,0.0,1.0,0,قطعی ,1,,,1004103,1010,245,خانگی معمولی-سه زمانه,14,4,ضعيف باديماندزير سي كيلووات,28,1,خانگي,00,خانگی معمولی,قرائت مامور,2026-07-29 03:03:04,
FAHAM,224437342,187919,184996086,186135234,7528744,,1405/02/01,1405/03/01,31,7018791902225,52750241,0,1,1,1405021,,,,1405/03/19,,,8.169,45,244,77,0,148,0,0,0,0,17910,194224,122584,0,0,0,0,0,0,17058,0,0,0,47089,934,24960,0,480845,1405/03/13,17:32:27,461969,14050201,14050301,14050313,,0,0,0,0,0,,0,39893,0,0,8.169,0.927073,0.0,1.0,0,قطعی ,1,,,3014103,3110,309,کشاورزی1 - کمتر از سی کیلووات-سه زمانه,14,4,ضعيف باديماندزير سي كيلووات,11,3,كشاورزي,01,کشاورزی 1,قرائت مامور,2026-06-04 02:23:31,
FAHAM,225203244,187919,186135234,186906385,7528744,,1405/03/01,1405/04/01,31,7018791902225,47950321,0,1,1,1405031,,,,1405/04/16,,,6.176,45,304,43,0,183,0,0,0,0,17910,241984,68456,0,0,0,0,0,0,17058,0,0,0,934,684,24851,0,478750,1405/04/11,12:08:25,461969,14050301,14050401,14050411,,0,0,0,0,0,,0,39713,0,0,6.176,0.906124,0.00427747,1.0,0,قطعی ,1,,,3014103,3110,309,کشاورزی1 - کمتر از سی کیلووات-سه زمانه,14,4,ضعيف باديماندزير سي كيلووات,11,3,كشاورزي,01,کشاورزی 1,قرائت مامور,2026-07-03 09:31:48,
FAHAM,226097312,187919,186906385,187770464,7528744,,1405/04/01,1405/05/01,31,7018791902225,89850491,0,1,1,1405041,,,,1405/05/17,,,5.643,51,246,37,0,178,0,0,0,0,20298,195816,58904,0,0,0,0,0,0,17058,0,0,0,479684,792,35068,0,419108,1405/05/11,12:14:31,461969,14050401,14050501,14050511,,0,0,0,0,0,,0,33362,0,0,5.643,0.882499,0.0311624,1.0,0,قطعی ,1,,,3014103,3110,309,کشاورزی1 - کمتر از سی کیلووات-سه زمانه,14,4,ضعيف باديماندزير سي كيلووات,11,3,كشاورزي,01,کشاورزی 1,قرائت مامور,2026-08-03 02:26:39,
