TimeTag,ID,GUID,MeterID,MeterType,MeterSerialNumber,Date,ShamsiDate,SourceID,SourceName,PowerActive,PowerReactive,VoltagePhaseA,VoltagePhaseB,VoltagePhaseC,VoltagePhaseN,CurrentPhaseA,CurrentPhaseB,CurrentPhaseC,CurrentPhaseN,PhaseAAngle,PhaseBAngle,PhaseCAngle,PhaseNAngle,Frequency,ActiveEnergy,ReactiveEnergy,VoltageL1,VoltageL2,VoltageL3,CurrentL1,CurrentL2,CurrentL3,demand,PowerFactor,ActiveEnergyExport,ReActiveEnergyExport,ProfileStatusEnergy,ProfileStatusPower,dlInsertTime
14050201000000,11010003013498,,,,,2026-04-21 00:00:00,1405-02-01 00:00:00,,faham,0.0,,,,,,,,,,,,,,,85.0,0.0,233.5,,,2.0399999618530273,,,343.0,0.0,0.0,31.0,8,8,2026-05-29 10:51:00
14050201001500,11010003013498,,,,,2026-04-21 00:15:00,1405-02-01 00:15:00,,faham,0.0,,,,,,,,,,,,,,,93.0,1.0,234.10000610351562,,,2.059999942779541,,,372.0,0.0,0.0,12.0,8,8,2026-05-29 10:57:00
14050201003000,11010003013498,,,,,2026-04-21 00:30:00,1405-02-01 00:30:00,,faham,0.0,,,,,,,,,,,,,,,81.0,0.0,235.1999969482422,,,1.9800000190734863,,,326.0,0.0,0.0,33.0,8,8,2026-05-29 10:57:00
14050201004500,11010003013498,,,,,2026-04-21 00:45:00,1405-02-01 00:45:00,,faham,0.0,,,,,,,,,,,,,,,80.0,0.0,235.60000610351562,,,1.9800000190734863,,,322.0,0.0,0.0,34.0,8,8,2026-05-29 11:03:00
14050201010000,11010003013498,,,,,2026-04-21 01:00:00,1405-02-01 01:00:00,,faham,0.0,,,,,,,,,,,,,,,91.0,1.0,235.8000030517578,,,2.049999952316284,,,365.0,0.0,0.0,15.0,8,8,2026-05-29 11:03:00
14050201011500,11010003013498,,,,,2026-04-21 01:15:00,1405-02-01 01:15:00,,faham,0.0,,,,,,,,,,,,,,,87.0,0.0,235.1999969482422,,,2.0399999618530273,,,350.0,0.0,0.0,29.0,8,8,2026-05-29 11:09:00
14050201013000,11010003013498,,,,,2026-04-21 01:30:00,1405-02-01 01:30:00,,faham,0.0,,,,,,,,,,,,,,,76.0,0.0,236.0,,,1.940000057220459,,,306.0,0.0,0.0,37.0,8,8,2026-05-29 11:09:00
14050201014500,11010003013498,,,,,2026-04-21 01:45:00,1405-02-01 01:45:00,,faham,0.0,,,,,,,,,,,,,,,91.0,2.0,236.1999969482422,,,2.0999999046325684,,,366.0,0.0,0.0,26.0,8,8,2026-05-29 11:14:00
14050201020000,11010003013498,,,,,2026-04-21 02:00:00,1405-02-01 02:00:00,,faham,0.0,,,,,,,,,,,,,,,87.0,1.0,236.0,,,2.0199999809265137,,,350.0,0.0,0.0,21.0,8,8,2026-05-29 11:14:00
14050201021500,11010003013498,,,,,2026-04-21 02:15:00,1405-02-01 02:15:00,,faham,0.0,,,,,,,,,,,,,,,78.0,0.0,235.8000030517578,,,1.9500000476837158,,,314.0,0.0,0.0,36.0,8,8,2026-05-29 11:19:00
14050201023000,11010003013498,,,,,2026-04-21 02:30:00,1405-02-01 02:30:00,,faham,0.0,,,,,,,,,,,,,,,83.0,0.0,235.3000030517578,,,2.0,,,335.0,0.0,0.0,33.0,8,8,2026-05-29 11:19:00
14050201024500,11010003013498,,,,,2026-04-21 02:45:00,1405-02-01 02:45:00,,faham,0.0,,,,,,,,,,,,,,,93.0,1.0,236.10000610351562,,,2.059999942779541,,,372.0,0.0,0.0,13.0,8,8,2026-05-29 11:24:00
14050201030000,11010003013498,,,,,2026-04-21 03:00:00,1405-02-01 03:00:00,,faham,0.0,,,,,,,,,,,,,,,85.0,0.0,236.1999969482422,,,2.0199999809265137,,,343.0,0.0,0.0,32.0,8,8,2026-05-29 11:24:00
14050201031500,11010003013498,,,,,2026-04-21 03:15:00,1405-02-01 03:15:00,,faham,0.0,,,,,,,,,,,,,,,76.0,0.0,236.3000030517578,,,1.9299999475479126,,,305.0,0.0,0.0,37.0,8,8,2026-05-29 11:28:00
