subscriber_type,xsubscriptionid_pk,xsubscriberlastupdatedate,xsubscriberid_pk,xsubscriptionlogid_fk,xsubscriberfirstname,xsubscriberlastname,xsubscribermobile,xsubscriptionpostcode,xsubscribertelno,xsubscribertelno1,xsubscribernationalcode,xsubscribermail,xsubscriptionaddress,xsubscriberisactive,xsubscriptionusageavg,xinstalldate,xgiscode,xsubscriberaddress,xsubscriptionbillid,xmodemno,xcomunicateaddress,xidentityno,xdepartmentcode,xdepartmentname,xfathername,xidno,xisreal,xeconomycode,xcreatedate,xsubscriptiondebit,xreadid_fk,xbillid_fk,xarrivalid_fk,xcastename,xcastecode,xservicelinename,xservicelinecode,xcontractpower,xfaze,xamper,xvoltage,xcontractdate,xexpiredate,xreduceexpiredate,xcounterbuldingno,xcountermultiple,xdigitnum,xdimandmeterdomain,xtimecontrolcode,xtimecontrolname,xcountertypename,xcountertypecode,xtariffoldcode,xtrustedpower,xfamilynum,xregioncode,xregionname,xbranchstatecode,xbranchstatename,xlongitude,xlatitude,xcountrydivisionid_fk,xsubscriptionlevelid_fk,xsubscriptionlevelcode,xsubscriptionlevelname,xpaydelaycount,xbakhshid_fk,xbakhshcode,xbakhshname,xomorid,xomorcode,xomorname,xpostcode,xactivecounterid_fk,xcounterproducerid_fk,xcounterproducername,xcounterproducercode,xbranchtypeid_fk,xusagetypeid_fk,xusagetypename,xusagegroupname,xusagegroupcode,xusagesubgroupname,xusagesubgroupcode,xisic_code,xisic_name,xcheckdigit,xcalc_subscriptionno,xfileno,xprevoutpowercount,xprev3tariffdaynums,xprevsurebillcount,xsubscriptionlogstartdate,xsubscriptionlogapplydate,xsubscriptionlogrescissiondate,xsubseasonstartdate,xsubseasonenddate,xtariffid_fk,xtariffcode,xtariffname,xlicensepower,xlicenseno,xreactivecounterbuldingno,xiscounteractive,xrdigitnum,xrcountermultiple,xConsumerMobile,concatedname,calculatedaddress,Gis_x,Gis_y,ConvertedIdentity,calculatedsubscriptionno,guid,geographicCode,xVillage,xZoneName,xRuralDistrict,xPositionUtm,yPositionUtm,zPositionUtm,IndustrialZoneId,xUsageTypeCode,lastUpdateTime
NON_FAHAM,115298,13800705,20115298,,"", ابراهیم سلطان زاده,,8344197896,00000000000,,0000000000,,خ دکتربهشتی لب جوی گز,t,238.827574604039,1380/07/05,15221010400,خ دکتربهشتی لب جوی گز,7011529802223,,خ دکتربهشتي لب جوي گز,2/6/15/02/21/01/0400,000000,سایر مشترکین,"","",t,"",2001-09-27 00:00:00,1155709,184592704,222933099,117087854,بدون مقدار,00000,فشارضعيف,5,0,1,25,t,1380/07/05,,,0,1,5,,1,تک تعرفه,کنتور مکانیکی,10,1010,0,1,1,شهری,00,فعال,51.625815489096,32.7999362468516,0,B,B,یک بار عدم پرداخت,2,152,02,گز,15,15,شاهین شهر و میمه,,1029,13,کنتورسازى ایران,,1,10101,كليه مصارف خانگي عادي,خانگي,1,خانگی معمولی,00,,,0,0115298/0,2502,,,,1380/07/05,1380/07/05,,00,12,72,1004101,خانگی معمولی,,,,t,5,1,09132097340,'ابراهیم':1 'زاده':3 'سلطان':2,'جوی':4 'خ':1 'دکتربهشتی':2 'لب':3 'گز':5,558593.14350000,3629281.55950000,26150221010400,01152980,5585933629281QU1922350,,,,,558593.1434,3629281.56,39,,1001,2026-04-29 02:02:34.875145
NON_FAHAM,128436,13941028,30128436,,"",فرید سراندی,09133255771,8314974858,00000000000,,1292378891,,سعدی شمالی خ سردارجنگل,t,256.690286704195,1380/07/05,15116092100,سعدی شمالی خ سردارجنگل,7012843602227,,سعدي شمالي خ سردارجنگل,2/6/15/01/16/09/2400,000000,سایر مشترکین,مجتبي,22574,t,"",2001-09-27 00:00:00,867,188053280,226375895,119850565,بدون مقدار,00000,فشارضعيف,5,0,3,25,t,1380/07/05,,,0,1,5,,1,تک تعرفه,کنتور مکانیکی,10,5110,0,1,1,شهری,00,فعال,51.5345197391898,32.8635413159232,0,B,B,یک بار عدم پرداخت,2,151,01,شاهین شهر,15,15,شاهین شهر و میمه,,4021576,13,کنتورسازى ایران,,1,50301,ساير مصارف,ساير مصارف,5,سایرمصارف 1,01,,,3,0128436/3,10364,,,,1394/10/28,1394/10/28,,00,12,99,5014101,سایر موارد1 -کمتر از سی کیلو وات,,,,t,5,1,09133175908,'سراندی':2 'فرید':1,'خ':3 'سردارجنگل':4 'سعدی':1 'شمالی':2,550009.63030000,3636285.67230000,26150116092400,01284363,5500093636285QU1869406,,,,,550009.6302,3636285.872,39,,5101,2026-06-18 02:02:24.914997
NON_FAHAM,151094,13800705,20151094,,"", سعادتمند کریم دوست,,8358145916,00000000000,,0000000000,,اذان,t,158.217949288696,1380/07/05,15422025300,اذان,7015109402225,,اذان,2/6/15/04/22/02/5300,000000,سایر مشترکین,"","",t,"",2001-09-27 00:00:00,-932997,188311886,226800718,101878287,بدون مقدار,00000,فشارضعيف,5,0,1,15,t,1380/07/05,,,0,1,5,,1,تک تعرفه,کنتور مکانیکی,10,1010,0,1,2,روستایی,00,فعال,51.1529245764477,33.4180092632958,1016030002184897,P,P,ممتاز,2,154,04, میمه,15,15,شاهین شهر و میمه,,6386464,13,کنتورسازى ایران,,1,50502,خانگی تحت حمایت کمیته امداد,خانگي,1,خانگی معمولی,00,,,0,0151094/0,5239,,,,1400/11/01,1401/08/14,,00,12,72,1004101,خانگی معمولی,,,,t,5,1,09139097459,'دوست':3 'سعادتمند':1 'کریم':2,'اذان':1,514217.83990000,3697639.49770000,26150422025300,01510940,5142173697639QU1900782,,کلهرود,,مورچه خورت,514217.8399,3697639.498,39,,1006,2026-06-18 02:03:06.608144
NON_FAHAM,160725,13920920,10160725,,"",تعاونی مسکن کارکنان دولت اردستان,,,,,0000000000,,مسکن مهر بلوک 6 واحد 7,t,6.8714014297797,1392/09/20,,مسکن مهر بلوک 6 واحد 7,7016072502220,,مسكن مهر بلوك 6 واحد 7,2/6/17/01/46/02/0530,000000,سایر مشترکین,"","",t,"",2013-12-11 00:00:00,526464,189305794,228995260,119529215,بدون مقدار,00000,فشارضعيف,5,0,1,25,t,1392/09/20,1392/09/20,,2219220224609,1,6,,3,سه تعرفه,Renan2000,22,1010,0,1,1,شهری,00,فعال,52.36741289,33.36480428,1001021396,D,D,دو بار یا بیشتر عدم پرداخت متوالی,0,171,01, اردستان,17,17,اردستان,,6507933,13,کنتورسازى ایران,,1,10101,كليه مصارف خانگي عادي,خانگي,1,خانگی معمولی,00,,,1,0160725/1,28790,,,,1392/09/20,1392/10/21,,00,12,245,1004103,خانگی معمولی-سه زمانه,,,,t,6,1,09122854268,'اردستان':5 'تعاونی':1 'دولت':4 'مسکن':2 'کارکنان':3,'6':4 '7':6 'بلوک':3 'مسکن':1 'مهر':2 'واحد':5,626495.88080000,3691860.41080000,26170146020530,01607251,,,,,,627214.556,3692565.337,39,,1001,2026-05-31 13:29:40.954032
NON_FAHAM,185499,13930929,20185499,,"",روح انگیز موسایی,,0         ,9136812637,,5558839600,,ورنامخواست خ صائب ک محتشم 6 فرعی 5 غربی,t,222.547352429833,1393/02/22,,ورنامخواست خ صائب ک محتشم 6 فرعی 5 غربی,7018549902229,,ورنامخواست خ صائب ك محتشم 6 فرعي 5 غربي,2/6/22/01/06/03/6000,000000,سایر مشترکین,صفي,"",t,"",2014-05-20 10:20:00,2192181,187680899,226008934,118553928,بدون مقدار,00000,فشارضعيف,5,0,1,25,t,1393/02/22,1393/02/24,,2219220713675,1,6,,3,سه تعرفه,Renan2000,22,1010,0,1,1,شهری,00,فعال,51.364678479276,32.3552071675804,1012032504,C,C,دو بار یا بیشتر عدم پرداخت غیرمتوالی,2,221,01, زرین شهر,22,22,لنجان,,6559463,13,کنتورسازى ایران,,1,10101,كليه مصارف خانگي عادي,خانگي,1,خانگی معمولی,00,,,2,0185499/2,51607,,,,1393/09/29,1393/09/29,,00,12,245,1004103,خانگی معمولی-سه زمانه,,,,t,6,1,09131672637,'انگیز':2 'روح':1 'موسایی':3,'5':8 '6':6 'خ':2 'صائب':3 'غربی':9 'فرعی':7 'محتشم':5 'ورنامخواست':1 'ک':4,534312.27650000,3579867.23800000,26220106036000,01854992,5343123579867QU5209098,,,,,534312.4735,3579867.272,39,,1001,2026-06-07 02:02:37.321718
NON_FAHAM,194813,14001123,339025848,,اکبر,یزدانی,09133050407,,03142742317,,5499770476,,علی آباد گلخانه,t,1014.24060858278,1393/04/12,,علی آباد انتهای خ شهید مطهری ,7019481302224,,علی آباد خ شهید مطهری پلاک 557,2/6/19/01/39/04/8250,000000,سایر مشترکین,محمد,12,t,,2014-07-09 08:58:00,-432153,189157821,228678277,119258964,خدمات کشاورزی بجز بوجاری و شالیکوبی,101401100,فشارضعيف,5,0,3,32,t,1393/04/12,1403/10/27,,0488063034,1,6,,3,سه تعرفه,Renan2000,22,3410,0,1,2,روستایی,00,فعال,50.9279277057855,32.8234100869184,1019020001183976,P,P,ممتاز,0,191,01, تیران و کرون,19,19,تیران و کرون,,6578267,13,کنتورسازى ایران,,1,30602,مصارف غير پمپاژ آب كشاورزي واحدهاي توليد گل وگياه,كشاورزي,3,کشاورزی 4,04,,,0,0194813/0,39247,,,,1400/11/20,1400/11/23,,00,12,331,3044103,کشاورزی4 - کمتر از سی کیلووات(گزینه1)-سه زمانه,,,,t,6,1,09133050407,'اکبر':1 'یزدانی':2,'آباد':2 'علی':1 'گلخانه':3,493253.92580000,3631712.74630000,26190139048250,01948130,4932533631712QU2959654,,علي آباد,,رضوانيه,493253.9258,3631712.746,39,,3402,2026-05-17 02:03:23.079
NON_FAHAM,197854,13930728,10197854,,"",حمید شاه چراغی,09133210015,0         ,,,1199308951,,صحرای پودان,t,53.6699636844032,1393/07/28,,صحرای پودان,7019785402225,,صحراي پودان,2/6/23/01/08/09/2000,000000,سایر مشترکین,محمدعلي,"",t,"",2014-10-21 14:57:00,301,187962089,226284762,119799015,بدون مقدار,00000,فشارضعيف,5,0,1,25,t,1393/07/28,1393/07/29,,1219300082757,1,6,,3,سه تعرفه,HEX34,0,1010,0,1,1,شهری,00,فعال,51.8861000000713,32.0278999987874,1009020003,B,B,یک بار عدم پرداخت,0,231,01,شهرضا,23,23,شهرضا,,6626568,13,کنتورسازى ایران,,1,11801,خوش نشین و سکونتگاه غیردایم,خانگي,1,خانگی معمولی,00,,,3,0197854/3,85908,,,,1399/07/08,1399/09/18,,00,12,245,1004103,خانگی معمولی-سه زمانه,,,,t,6,1,09132203304,'حمید':1 'شاه':2 'چراغی':3,'صحرای':1 'پودان':2,583672.99740000,3543871.35500000,26230108092000,01978543,,,,,منظريه,583452.652,3543607.843,39,,1018,2026-06-03 02:05:14.241816
NON_FAHAM,201209,13961228,338757215,,فاطمه,طاهرزاده,09138333485,,09138333485,,1171225733,,محله سی1,t,0.00951363581680198,1393/04/29,,محله سی1مجتمع هسا بلوک شقایق طبقه 3 واحد3,7020120902225,,محله سي1,2/6/22/03/20/06/1780,000000,سایر مشترکین,رحمت اله,3357,t,,2014-08-04 16:18:00,3406787,188395369,226713988,109327335,بدون مقدار,00000,فشارضعيف,5,0,1,25,t,1393/04/29,1393/05/13,,11710350278081,1,6,,3,سه تعرفه,کنتور فهام 2 ویرایش 5(تخت رله دار) JAM200R,11,1010,0,1,1,شهری,00,فعال,51.3849529618945,32.4819376786615,1012032128,D,D,دو بار یا بیشتر عدم پرداخت متوالی,0,223,03, فولا دشهر,22,22,لنجان,,389729398,19,الکترونیک افزار آزما,,1,11901,سکونتگاه خالی از سکنه,خانگي,1,خانگی معمولی,00,,,0,0201209/0,46767,,,,1404/04/10,1404/05/14,,00,12,245,1004103,خانگی معمولی-سه زمانه,,,11710350278081,t,6,1,09133753093,'طاهرزاده':2 'فاطمه':1,'سی1':2 'محله':1,536169.71080000,3593922.18380000,26220320061780,02012090,5361693593922QU5289265,,,,,536169.5038,3593922.139,39,,1019,2026-07-07 02:02:44.106309
NON_FAHAM,207929,13930624,10207929,,"",علی ازادسیچانی,09131338266,8517835834,42659480,,1091118450,,نجف اباد بلوارولیعصر ک علوی نبش بن بست یونس پ11,t,290.513553139581,1393/06/24,,نجف اباد بلوارولیعصر ک علوی نبش بن بست یونس پ11,7020792902223,,نجف اباد بلواروليعصر ک علوي نبش بن بست يونس پ11,2/6/21/01/24/08/0450,000000,سایر مشترکین,حسن,449,t,"",2014-09-17 17:40:00,-8778816,184653331,222993725,119168123,بدون مقدار,00000,فشارضعيف,5,0,1,25,t,1393/06/24,1393/06/31,,1219200266818,1,6,,3,سه تعرفه,HEX34,0,1010,0,1,1,شهری,00,فعال,51.3699000004199,32.6216000000833,0,A,A,دو بار یا بیشتر پرداخت پس از موعد,2,201,01,بخش مرکزی,20,21,نجف آباد,,6610816,13,کنتورسازى ایران,,1,10101,كليه مصارف خانگي عادي,خانگي,1,خانگی معمولی,00,,,1,0207929/1,116295,,,,1395/01/23,1395/02/31,,00,12,245,1004103,خانگی معمولی-سه زمانه,,,,t,6,1,09131338266,'ازادسیچانی':2 'علی':1,'اباد':2 'بست':8 'بلوارولیعصر':3 'بن':7 'علوی':5 'نبش':6 'نجف':1 'پ11':10 'ک':4 'یونس':9,534701.36470000,3609399.14140000,26210124080450,02079291,,,,,,534710.478,3609407.219,39,,1001,2026-06-18 02:04:17.012089
NON_FAHAM,223141,13940431,10223141,,"",حسین هادی زاده سیاه پومی,09131153548,0         ,,,1287547745,,درچه خ نیروگاه روبروی ورودی شهرک عباس پور,t,116.25400410181,1394/04/31,5540273609017QU1588380,درچه خ نیروگاه روبروی ورودی شهرک عباس پور,7022314102222,,درچه خ نيروگاه روبروي ورودي شهرك عباس پور,2/6/24/03/40/11/7850,000000,سایر مشترکین,محمدعلي,"",t,"",2015-07-25 12:28:00,609,189175911,228696363,120520586,بدون مقدار,00000,فشارضعيف,5,0,1,25,t,1394/04/31,1394/05/03,,2219420086997,1,6,,3,سه تعرفه,Renan2000,22,5110,0,1,1,شهری,00,فعال,51.5758568835254,32.6173762760375,0,C,C,دو بار یا بیشتر عدم پرداخت غیرمتوالی,0,243,03, ماربین,24,24,خمینی شهر,,6736101,13,کنتورسازى ایران,,1,50301,ساير مصارف,ساير مصارف,5,سایرمصارف 1,01,,,7,0223141/7,87528,,,,1400/10/30,1401/03/01,,00,12,371,5014103,سایر موارد1 -کمتر از سی کیلو وات-سه زمانه,,,,t,6,1,09131114202,'حسین':1 'زاده':3 'سیاه':4 'هادی':2 'پومی':5,'خ':2 'درچه':1 'روبروی':4 'شهرک':6 'عباس':7 'نیروگاه':3 'ورودی':5 'پور':8,554025.52450000,3609016.88630000,26240340117850,02231417,5540253609016QU1597449,,,,,554025.5245,3609016.886,39,,5101,2026-05-18 02:03:53.170063
NON_FAHAM,241361,13940309,10241361,,"",سعید نادری باغ ابریشمی,09131136023,8478965184,3137442897,,1110494041,,شهر ابریشم باغ ابریشم ک شهید هاشمی ک یاس,t,295.913566462337,1394/03/09,,شهر ابریشم باغ ابریشم ک شهید هاشمی ک یاس,7024136102224,,شهر ابريشم باغ ابريشم ک شهيد هاشمي ک ياس,2/6/16/01/02/13/2750,000000,سایر مشترکین,حسن,578,t,"",2015-06-01 12:34:00,314,187679253,226007291,120133409,بدون مقدار,00000,فشارضعيف,5,0,1,25,t,1394/03/09,1394/03/09,,2219420009878,1,6,,3,سه تعرفه,Renan2000,22,1010,0,1,1,شهری,00,فعال,51.5767978694645,32.5548000100248,100802,C,C,دو بار یا بیشتر عدم پرداخت غیرمتوالی,5,161,01,فلا ورجان,16,16,فلاورجان,,6713338,13,کنتورسازى ایران,,1,10101,كليه مصارف خانگي عادي,خانگي,1,خانگی معمولی,00,,,2,0241361/2,75174,,,,1401/05/05,1401/05/18,,00,12,245,1004103,خانگی معمولی-سه زمانه,,,,t,6,1,09131097830,'ابریشمی':4 'باغ':3 'سعید':1 'نادری':2,"'ابریشم':2,4 'باغ':3 'شهر':1 'شهید':6 'هاشمی':7 'ک':5,8 'یاس':9",554151.41830000,3602080.46450000,26160102132750,02413612,,,,,,554096.452,3602123.102,39,,1001,2026-06-21 02:02:56.360478
NON_FAHAM,244750,13940309,10244750,,"",مجید صائبی,09307752767,8531861313,3142224111,,5499809585,,شهرک بهارستان مسکن مهر بلوک e2 اول شرقی,t,187.711649686116,1394/03/09,,شهرک بهارستان مسکن مهر بلوک e2 اول شرقی,7024475002220,,شهرک بهارستان مسکن مهر بلوک e2 اول شرقي,2/6/19/01/31/01/7050,000000,سایر مشترکین,قدرت اله,8,t,"",2015-05-31 16:31:00,-947913,188901309,228215446,102093321,بدون مقدار,00000,فشارضعيف,5,0,1,25,t,1394/03/09,1394/03/09,,2219420008447,1,6,,3,سه تعرفه,Renan2000,22,1010,0,1,1,شهری,00,فعال,51.144400002112,32.7199018050987,1019010001184072,P,P,ممتاز,2,191,01, تیران و کرون,19,19,تیران و کرون,,6712935,13,کنتورسازى ایران,,1,10101,كليه مصارف خانگي عادي,خانگي,1,خانگی معمولی,00,,,9,0244750/9,41283,,,,1394/03/09,1394/03/10,,00,12,245,1004103,خانگی معمولی-سه زمانه,,,,t,6,1,09901855661,'صائبی':2 'مجید':1,'e2':6 'اول':7 'بلوک':5 'بهارستان':2 'شرقی':8 'شهرک':1 'مسکن':3 'مهر':4,513531.71350000,3620245.14500000,26190131017050,02447509,,,حسن آبادعليا,,کرون سفلي,513523.842,3620248.754,39,,1001,2026-05-05 02:05:57.905971
NON_FAHAM,252328,13931021,10252328,,"",مسکن مهر 7 زرین شهر,,,,,0000000000,,محله ای1 بلوک پاییزان 1,t,160.189848744959,1393/10/21,,محله ای1 بلوک پاییزان 1,7025232802225,,محله اي1 بلوك پاييزان 1,2/6/22/03/28/24/1540,000000,سایر مشترکین,"","",t,"",2015-07-23 10:04:00,722,188508460,227356132,120147479,بدون مقدار,00000,فشارضعيف,5,0,1,25,t,1393/10/21,1393/09/02,,2219320043386,1,6,,3,سه تعرفه,Renan2000,22,1010,0,1,1,شهری,00,فعال,51.3557896392992,32.5186435223701,1012032128,D,D,دو بار یا بیشتر عدم پرداخت متوالی,1,223,03, فولا دشهر,22,22,لنجان,,6734558,13,کنتورسازى ایران,,1,10101,كليه مصارف خانگي عادي,خانگي,1,خانگی معمولی,00,,,0,0252328/0,48279,,,,1393/10/21,1393/10/21,,00,12,245,1004103,خانگی معمولی-سه زمانه,,,,t,6,1,09139254374,'7':3 'زرین':4 'شهر':5 'مسکن':1 'مهر':2,'1':5 'ای1':2 'بلوک':3 'محله':1 'پاییزان':4,533415.88890000,3597981.38230000,26220328241540,02523280,5334153597981QU5261436,,,,,533415.7775,3597981.548,39,,1001,2026-06-30 02:03:59.940509
NON_FAHAM,256246,13940813,10256246,,"",عباس صباحی,09126204479,8711111111,3155448004,,1260704076,,خ امیرکبیر دیزچه  کوچه روبروی آپارتمان های سایپا,t,171.01566152502,1394/08/13,,خ امیرکبیر دیزچه  کوچه روبروی آپارتمان های سایپا,7025624602224,,خ اميرکبير ديزچه  کوچه روبروي آپارتمان هاي سايپا,2/6/30/02/04/13/2800,000000,سایر مشترکین,غلامرضا,199,t,"",2015-11-08 07:58:00,972,187555042,225883115,119597843,بدون مقدار,00000,فشارضعيف,5,0,1,32,t,1394/08/13,1394/11/21,,2219420116591,1,6,,3,سه تعرفه,Renan2000,22,1010,0,1,1,شهری,00,فعال,51.406298924808,33.962401565878,101003,G,G,خوش حساب(یک بار پرداخت پس از موعد),1,302,02, کاشان,30,30,کاشان,,6776521,13,کنتورسازى ایران,,1,10101,كليه مصارف خانگي عادي,خانگي,1,خانگی معمولی,00,,,4,0256246/4,141749,,,,1394/08/13,1394/08/16,,00,12,245,1004103,خانگی معمولی-سه زمانه,,,,t,6,1,09126204479,'صباحی':2 'عباس':1,'آپارتمان':6 'امیرکبیر':2 'خ':1 'دیزچه':3 'روبروی':5 'سایپا':8 'های':7 'کوچه':4,537537.46710000,3758061.50400000,26300204132800,02562464,,,,,,537605.911,3758430.729,39,,1001,2026-06-02 02:03:07.362412
