subscriptionId,date,duration,totalKWH,valueLowKWH,valueMediumKWH,valueHighKWH
128436,1405-01,31,260.3341445955619,0.0,260.3341445955619,0.0
128436,1405-02,31,261.5272727272727,0.0,261.5272727272727,0.0
128436,1405-03,31,267.1283582089552,0.0,267.1283582089552,0.0
128436,1405-04,31,270.2089552238806,0.0,270.2089552238806,0.0
151094,1405-01,31,133.55243644067798,0.0,133.55243644067798,0.0
151094,1405-02,31,126.10169491525424,0.0,126.10169491525424,0.0
151094,1405-03,31,140.36954288649204,0.0,140.36954288649204,0.0
151094,1405-04,31,189.2878787878788,0.0,189.2878787878788,0.0
160725,1405-01,31,12.204724409448819,3.173228346456693,6.590551181102363,2.440944881889764
160725,1405-02,31,9.645792322834646,2.392593503937008,5.380290354330708,1.8729084645669292
160725,1405-03,31,3.390625,0.484375,2.421875,0.484375
185499,1405-01,31,230.10569105691056,62.5040650406504,118.20325203252031,49.39837398373984
185499,1405-02,31,230.10569105691056,62.5040650406504,118.20325203252031,49.39837398373984
185499,1405-03,31,247.89151422764226,64.82876016260163,128.0317581300813,55.03099593495935
