MeterId,MeterName,SubscriptionId,UnitId,BillingUnitId,FahamUnitId,CounterMultiple,XPosition,YPosition,CT,PT,SubscriberFirstName,SubscriberLastName,SubscriptionBillId,MVFeederID,ContractPower,UsageGroupName,UsageGroupCode,MeterType,Category,SubCategory,State,SubscriptionID2,DepartmentName,DepartmentCode,IsBuilding,BranchStateCode,BranchStateName,ZoneName,VoltageStr,RemoteControlType,UsageTypeId,ZoneID,CustomerZoneName,CustomerZoneID,IdentityNumber
11039811127429,EAA0030511127429,187919,61,23,5a8d58438900009d01fb40c8,1.0,51.7768809442252,31.703728736728,1.0,1.0,,اکبر محمدیان,7018791902225,5808133542613HH3586259,0,كشاورزي,3,,Consumption,,Operating,0187919/7,سایر مشترکین,000000,0,00,فعال,,1,قابل قطع و وصل از راه دور,30102,,,,1/6/23/01/80/01/5297
11030313519307,EAA0030513519307,1890552,12,41,5a8d55828900003801fb40bf,1.0,50.317565,33.216543,1.0,1.0,,علی اصغرسعادت,7189055202223,,0,ساير مصارف,5,,,,Operating,1890552/3,سایر مشترکین,000000,0,00,فعال,,1,قابل قطع و وصل از راه دور,50301,,,,2/6/41/01/15/10/0850
11049711103322,EAA0040511103322,8013584,66,27,5a8d54cb8900003501fb40b6,80.0,51.7286512790767,32.7577536881966,80.0,1.0,جمال,ذاکرپور,7801358402222,,230,صنعتي,4,,Consumption,,Permanently Inactive,8013584/0,سایر مشترکین,000000,0,00,فعال,,1,غیرقابل کنترل از راه دور,40401,,,,1/6/27/01/62/06/6200
11049611028512,EAA0040511028512,8039265,61,23,5a8d58438900009d01fb40c8,50.0,51.8462913351243,31.93377424508,50.0,1.0,,اداره اب و فاضلـا ب منظریه,7803926502221,5808133542613HH3586259,55,كشاورزي,3,,Consumption,,Operating,8039265/6,پمپاژ آب شرب شرکت آبفای استان اصفهان,102001,0,00,فعال,,1,غیرقابل کنترل از راه دور,20503,,,,1/6/23/01/71/01/4950
11049611042873,EAA0040511042873,8084565,17,24,5a8d5595890000d700fb40c0,30.0,51.5307463541573,32.6771723553308,30.0,1.0,,کتابخانه الغدیر,7808456502221,5439383618692HH1487740,30,عمومي,2,,Consumption,,Operating,8084565/0,کتابخانه های عمومی,131104,0,00,فعال,,1,غیرقابل کنترل از راه دور,20301,,,,1/6/24/02/67/02/8700
11059611047529,EAA0050511047529,8093095,19,26,5a81bf435100009c00cb14ee,1200.0,51.7364299365839,32.4275937373438,6.0,200.0,شرکت فنی و مهندسی فولاد پایا, ,7809309502220,5680913588267HH5571709,500,صنعتي,4,,Consumption,,Operating,8093095/0,سایر مشترکین,000000,0,00,فعال,شهرك صنعتي سه راهي مباركه,0,بار کنترل پذیر,40301,,,,1/6/26/01/62/02/2200
18030270209323,TFC0030770209323,8722703,61,23,5a8d58438900009d01fb40c8,1.0,51.8508000001514,31.9936999997209,1.0,1.0,,غلـامحسن  صدری,7872270302222,5807923542645HH3697637,0,ساير مصارف,5,,,,Operating,8722703/0,سایر مشترکین,000000,0,00,فعال,,1,غیرقابل کنترل از راه دور,50301,,,,2/6/23/01/13/07/1000
11030111410343,EAA0030511410343,8736524,61,23,5a8d58438900009d01fb40c8,1.0,51.864400016752,32.0055018042142,1.0,1.0,محسن,ازاد,7873652402223,5807883542650HH3405765,0,ساير مصارف,5,,,,Operating,8736524/7,سایر مشترکین,000000,0,00,فعال,,1,قابل قطع و وصل از راه دور,50301,,,,2/6/23/01/06/02/5700
11049611031537,EAA0040511031537,8792286,30,30,5a8d55718900006701fb40be,20.0,51.2930203790124,34.2360288518923,20.0,1.0,,شرکت بهروان شیمی کاشان,7879228602229,5312923764951HH4825314,30,صنعتي,4,,Consumption,,Operating,8792286/3,سایر مشترکین,000000,0,00,فعال,,1,غیرقابل کنترل از راه دور,40401,,,,1/6/30/02/66/01/8500
11049611041777,EAA0040511041777,8832934,10,15,5a8d582a8900008901fb40c7,30.0,51.4923350080071,33.0643566463523,30.0,1.0,,صنایع ماشین ابزار سازی مورچه خورت ماشین,7883293402226,,60,صنعتي,4,,Consumption,,Operating,8832934/1,سایر مشترکین,000000,0,00,فعال,,1,غیرقابل کنترل از راه دور,40401,,,,1/6/15/01/67/08/0850
11030313525109,EAA0030513525109,8900352,18,18,5a8d56228900006701fb40c6,1.0,51.4322182931674,31.7702853080879,1.0,1.0,,علـا ئی فرادنبه علی,7890035202227,5529023502905HH3360614,36,كشاورزي,3,,,,Operating,8900352/0,سایر مشترکین,000000,0,00,فعال,,1,قابل قطع و وصل از راه دور,30102,,,,1/6/18/01/62/01/4860
11030211487219,EAA0030511487219,8903053,19,26,5a81bf435100009c00cb14ee,1.0,51.6157621519725,32.4413112574706,1.0,1.0,,حسینعلی دیانی وشرکا,7890305302229,,30,كشاورزي,3,,,,Operating,8903053/6,سایر مشترکین,000000,0,00,فعال,,1,قابل قطع و وصل از راه دور,30101,,,,1/6/26/01/67/02/6000
11049611029549,EAA0040511029549,8930799,19,26,5a81bf435100009c00cb14ee,40.0,51.5386270159834,32.3309080502903,40.0,1.0,محمدرضا ,ضیائی,7893079902225,5504503578992HH5429092,50,صنعتي,4,,Consumption,,Operating,8930799/6,سایر مشترکین,000000,0,00,فعال,,1,غیرقابل کنترل از راه دور,40601,,,,1/6/26/01/74/03/5700
11049711096651,EAA0040511096651,8931839,13,44,5a8d554c8900004b01fb40bc,30.0,50.2868145852632,32.9739361486535,30.0,1.0,وحید حیدری,و شرکا,7893183902229,,41,كشاورزي,3,,Consumption,,Operating,8931839/4,سایر مشترکین,000000,0,00,فعال,,1,غیرقابل کنترل از راه دور,30101,,,,1/6/44/01/65/01/4600
11010003015794,EAA0010503015794,9099614,11,34,5a8d55fd8900005401fb40c5,1.0,51.791501290819,33.3527013919839,1.0,1.0,,محمد  موسوی رجا,7909961402224,5909633699569HH1383138,0,خانگي,1,,,,Operating,9099614/2,سایر مشترکین,000000,0,00,فعال,,1,قابل قطع و وصل از راه دور,10101,,,,2/6/34/01/09/04/1161
11039811131542,EAA0030511131542,9299592,10,15,5a8d582a8900008901fb40c7,1.0,51.6006166046513,32.8465139516733,1.0,1.0,,گلخانه صلـاحیان,7929959202227,,0,ساير مصارف,5,,,,Operating,9299592/5,سایر مشترکین,000000,0,00,فعال,,1,قابل قطع و وصل از راه دور,50301,,,,2/6/15/01/23/12/6275
11030011227341,EAA0030511227341,9376079,80,42,5a8d552f8900005401fb40bb,1.0,33.0154999997752,50.483399999986,1.0,1.0,,گاز استان اصفهان - ش شهرضا- س دامنه ,7937607902221,4523423652297HH3848706,0,ساير مصارف,5,,,,Operating,9376079/4,ایستگاه تقویت یا تقلیل فشارگازشرکت استان اصفهان,281201,0,00,فعال,,1,قابل قطع و وصل از راه دور,50301,,,,2/6/42/01/15/07/3400
11030111397895,EAA0030511397895,9406870,60,20,5a8d55d98900003801fb40c4,1.0,51.4212999995266,32.6730000007293,1.0,1.0,هادی,سلیمی بنی و شریک,7940687002227,5394663615950HH6007043,0,صنعتي,4,,,,Operating,9406870/3,سایر مشترکین,000000,0,00,فعال,,1,قابل قطع و وصل از راه دور,40401,,,,2/6/21/03/23/27/1100
11049611043157,EAA0040511043157,9534131,66,27,5a8d54cb8900003501fb40b6,30.0,51.7107544022792,32.7625893892417,30.0,1.0,,اکبر خراسانی,7953413102220,5659413622726HH2548146,42,صنعتي,4,,Consumption,,Operating,9534131/4,سایر مشترکین,000000,0,00,فعال,,1,غیرقابل کنترل از راه دور,40401,,,,1/6/27/01/62/06/4350
11049611031755,EAA0040511031755,9566171,30,30,5a8d55718900006701fb40be,30.0,51.3212379548614,34.0971907864905,30.0,1.0,,شرکت ظریف پلاستیک,7956617102228,5312933764950HH4885456,78,صنعتي,4,,Consumption,,Operating,9566171/8,سایر مشترکین,000000,0,00,فعال,,1,غیرقابل کنترل از راه دور,41101,,,,1/6/30/02/66/01/4970
11049711103453,EAA0040511103453,9642104,30,30,5a8d55718900006701fb40be,30.0,51.3913041768659,33.7590800951889,30.0,1.0,شرکت کشاورزی داودیه قمصر,,7964210402220,5428373751555HH4888273,78,كشاورزي,3,,Consumption,,Operating,9642104/4,سایر مشترکین,000000,0,00,فعال,,1,غیرقابل کنترل از راه دور,30101,,,,1/6/30/04/77/01/6950
11030211544952,EAA0030511544952,9714228,60,20,5a8d55d98900003801fb40c4,1.0,51.4700999999308,32.6269000007687,1.0,1.0,حسین,جوزی نجف آبادی,7971422802224,5426613610176HH6015192,0,صنعتي,4,,,,Operating,9714228/9,سایر مشترکین,000000,0,00,فعال,,1,قابل قطع و وصل از راه دور,40401,,,,2/6/21/03/44/24/9860
11059811139247,EAA0050511139247,9813966,31,31,5a8d54008900001f01fb40b4,1200.0,51.4772987377271,34.0154237381592,6.0,200.0,شرکت امیران ترمه کویر کاشان,,7981396602225,,800,صنعتي,4,,,,Operating,9813966/4,سایر مشترکین,000000,0,00,فعال,,0,غیرقابل کنترل از راه دور,40301,,,,1/6/31/01/61/01/2350
11010003013498,EAA0010503013498,9856186,31,31,5a8d54008900001f01fb40b4,1.0,51.4830999998525,34.024300000084,1.0,1.0,فاطمه,رضائی آرانی,7985618602224,5444573759525HH2126950,0,خانگي,1,,,,Operating,9856186/2,سایر مشترکین,000000,0,00,فعال,منطقه صنعتی سلیمان صباحی,1,بار کنترل پذیر,10101,,,,2/6/31/01/35/01/6045
11070105265871,EAA0070005265871,9876842,61,23,5a8d58438900009d01fb40c8,1.0,51.8752021168428,32.0085999854716,1.0,1.0,عبدالرسول,بزمی,7987684202221,5808253542594HH3426714,0,خانگي,1,,,,Operating,9876842/4,سایر مشترکین,000000,0,00,فعال,,1,غیرقابل کنترل از راه دور,10101,,,,2/6/23/01/25/03/2575
11030111285549,EAA0030511285549,9879211,60,20,5a8d55d98900003801fb40c4,1.0,50.9600241388483,33.103790724355,1.0,1.0,ابراهیم ,میرزایی دهقی,7987921102229,5029593655593HH6056225,0,ساير مصارف,5,,,,Operating,9879211/2,سایر مشترکین,000000,0,00,فعال,,1,قابل قطع و وصل از راه دور,50301,,,,2/6/21/05/19/01/8050
11040111306741,EAA0040511306741,9891986,15,16,5a8d551c8900003501fb40ba,80.0,51.6492256249567,32.4737242512028,80.0,1.0,رحیم, رحیمی,7989198602229,5524523597709HH4385103,150,صنعتي,4,,,,Operating,9891986/4,سایر مشترکین,000000,0,00,فعال,,1,غیرقابل کنترل از راه دور,40401,,,,1/6/16/03/75/01/4903
11040111317556,EAA0040511317556,9894584,66,27,5a8d54cb8900003501fb40b6,20.0,50.708131,32.827274,20.0,1.0,حسین,داوری دولت آبادی,7989458402229,,42,كشاورزي,3,,,,Operating,9894584/9,سایر مشترکین,000000,0,00,فعال,,1,غیرقابل کنترل از راه دور,30504,,,,1/6/27/01/64/07/1350
11030111399119,EAA0030511399119,9908015,61,23,5a8d58438900009d01fb40c8,1.0,51.8474263742077,32.0106326515317,1.0,1.0,محمد رضا طاهر ,طاهر ,7990801502224,5807923542645HH3697637,0,ساير مصارف,5,,,,Operating,9908015/9,متفرقه,0000009999,0,00,فعال,,1,قابل قطع و وصل از راه دور,50301,,,,2/6/23/01/44/05/2070
11030211436847,EAA0030511436847,9916415,40,40,5a8d555f8900005401fb40bd,1.0,50.2913861010531,33.4729429004173,1.0,1.0,فاطمه,خلیلیان,7991641502229,,0,كشاورزي,3,,,,Operating,9916415/8,سایر مشترکین,000000,0,00,فعال,,1,قابل قطع و وصل از راه دور,30504,,,,2/6/40/01/44/05/9865
11010203116091,EAA0010503116091,9920451,17,24,5a8d5595890000d700fb40c0,1.0,51.5527966075091,32.6052938701319,1.0,1.0,محمد,اسحقیان درچه,7992045102228,,0,خانگي,1,,,,Operating,9920451/6,سایر مشترکین,000000,0,00,فعال,,1,قابل قطع و وصل از راه دور,10101,,,,2/6/24/03/10/10/0210
11040111422878,EAA0040511422878,9921228,13,44,5a8d554c8900004b01fb40bc,20.0,50.708131,32.827274,20.0,1.0,محمد,عظیمی و شرکاء,7992122802220,,45,كشاورزي,3,,,,Operating,9921228/4,سایر مشترکین,000000,0,00,فعال,,1,غیرقابل کنترل از راه دور,30102,,,,1/6/44/01/66/01/6001
11010203126114,EAA0010503126114,9925053,60,20,5a8d55d98900003801fb40c4,1.0,51.3376602720605,32.6495549136108,1.0,1.0,عرفانه,حکیمی نجف آبادی,7992505302220,,0,خانگي,1,,,,Operating,9925053/4,سایر مشترکین,000000,0,00,فعال,,1,قابل قطع و وصل از راه دور,10101,,,,2/6/21/02/24/12/6920
11010203152869,EAA0010503152869,9925116,10,15,5a8d582a8900008901fb40c7,1.0,51.5328274898887,32.9015976782819,1.0,1.0,علی,بارانی بربی چاست,7992511602228,,0,خانگي,1,,,,Operating,9925116/6,سایر مشترکین,000000,0,00,فعال,,1,قابل قطع و وصل از راه دور,10101,,,,2/6/15/01/28/10/4155
11010203145192,EAA0010503145192,9932410,60,20,5a8d55d98900003801fb40c4,1.0,51.3834911647372,32.6225953551804,1.0,1.0,حسن,صفری,7993241002220,5442223579961HH5310470,0,ساير مصارف,5,,,,Operating,9932410/4,سایر مشترکین,000000,0,00,فعال,,1,قابل قطع و وصل از راه دور,50301,,,,2/6/21/01/33/08/5103
11010203145720,EAA0010503145720,9933490,30,30,5a8d55718900006701fb40be,1.0,51.06106,34.111612,1.0,1.0,معصومه,نیکخواه ارمکی,7993349002226,,0,ساير مصارف,5,,,,Operating,9933490/8,سایر مشترکین,000000,0,00,فعال,,1,قابل قطع و وصل از راه دور,50301,,,,2/6/30/05/15/23/1890
11010203156588,EAA0010503156588,9935293,17,24,5a8d5595890000d700fb40c0,1.0,51.5865682366637,32.6654892316199,1.0,1.0,معظمه,جانقربان لاریچه,7993529302228,5549563615548HH1477867,0,خانگي,1,,,,Operating,9935293/0,سایر مشترکین,000000,0,00,فعال,,1,قابل قطع و وصل از راه دور,10101,,,,2/6/24/03/41/15/6350
11010203157187,EAA0010503157187,9938360,40,40,5a8d555f8900005401fb40bd,1.0,50.2832799207918,33.4549025384128,1.0,1.0,سید اسماعیل,میرمهدی,7993836002223,,0,خانگي,1,,,,Operating,9938360/7,سایر مشترکین,000000,0,00,فعال,,1,قابل قطع و وصل از راه دور,10101,,,,2/6/40/01/11/02/1475
11030211529176,EAA0030511529176,9942046,40,40,5a8d555f8900005401fb40bd,1.0,50.2793372585926,33.4515424919161,1.0,1.0,حسن,رحیمی,7994204602221,,0,عمومي,2,,,,Operating,9942046/4,مصارف اشتراکی واحد های مسکونی,401201,0,00,فعال,,1,قابل قطع و وصل از راه دور,20214,,,,2/6/40/01/23/02/3988
11010203188113,EAA0010503188113,9942800,30,30,5a8d55718900006701fb40be,1.0,51.4164022448117,33.9910612817421,1.0,1.0,محسن,قطبی فر,7994280002225,,0,خانگي,1,,,,Operating,9942800/7,سایر مشترکین,000000,0,00,فعال,,1,قابل قطع و وصل از راه دور,10101,,,,2/6/30/02/20/22/1400
11010203192967,EAA0010503192967,9943501,66,27,5a8d54cb8900003501fb40b6,1.0,51.7637823943022,32.803486464924,1.0,1.0,مریم,آبورز,7994350102222,5640853586594HH5502332,0,خانگي,1,,,,Operating,9943501/1,سایر مشترکین,000000,0,00,فعال,,1,قابل قطع و وصل از راه دور,10101,,,,2/6/27/01/15/12/7470
11010203157662,EAA0010503157662,9947055,17,24,5a8d5595890000d700fb40c0,1.0,51.5018131376937,32.6895992322996,1.0,1.0,میثم,حیدری,7994705502227,5439423618698HH1556752,0,ساير مصارف,5,,,,Operating,9947055/0,سایر مشترکین,000000,0,00,فعال,,1,قابل قطع و وصل از راه دور,50301,,,,2/6/24/02/11/04/5350
11010203269238,EAA0010503269238,9950537,62,22,5a8d55b98900004b01fb40c2,1.0,50.708131,32.827274,1.0,1.0,صدیقه,براتی سده,7995053702225,,0,ساير مصارف,5,,,,Operating,9950537/0,سایر مشترکین,000000,0,00,فعال,,1,قابل قطع و وصل از راه دور,50301,,,,2/6/22/03/26/24/2370
11040211548475,EAA0040511548475,9951334,11,34,5a8d55fd8900005401fb40c5,120.0,50.708131,32.827274,120.0,1.0,حسین ,قندهاری,7995133402222,5441763579966HH5505041,249,صنعتي,4,,,,Operating,9951334/9,سایر مشترکین,000000,0,00,فعال,,1,غیرقابل کنترل از راه دور,40401,,,,1/6/34/02/67/01/1330
11010203290118,EAA0010503290118,9957728,31,31,5a8d54008900001f01fb40b4,1.0,51.4784051197229,34.0499358243642,1.0,1.0,ابوالفضل,دهقانی آرانی,7995772802223,,0,خانگي,1,,,,Operating,9957728/2,سایر مشترکین,000000,0,00,فعال,,1,قابل قطع و وصل از راه دور,10101,,,,2/6/31/01/37/08/2420
11010303340757,EAA0010503340757,9961787,30,30,5a8d55718900006701fb40be,1.0,51.4141824935222,33.7470140279773,1.0,1.0,ابوالفضل,مداح پور,7996178702223,5428373751555HH4888273,0,ساير مصارف,5,,,,Operating,9961787/0,سایر مشترکین,000000,0,00,فعال,,1,قابل قطع و وصل از راه دور,50301,,,,2/6/30/04/16/15/2795
11010303362666,EAA0010503362666,9964627,30,30,5a8d55718900006701fb40be,1.0,51.2269578505218,33.7880416162063,1.0,1.0,محمد,عسگری برزکی,7996462702225,,0,خانگي,1,,,,Operating,9964627/6,سایر مشترکین,000000,0,00,فعال,,1,قابل قطع و وصل از راه دور,10101,,,,2/6/30/05/44/22/1310
11030313520546,EAA0030513520546,9968043,10,15,5a8d582a8900008901fb40c7,1.0,51.5509035202755,32.8436805994955,1.0,1.0,صفر,احمدی,7996804302224,5537493633318HH1876964,0,عمومي,2,,,,Operating,9968043/1,مصارف اشتراکی واحد های مسکونی,401201,0,00,فعال,,1,قابل قطع و وصل از راه دور,20214,,,,2/6/15/01/36/16/7600
11010303309858,EAA0010503309858,9971487,61,23,5a8d58438900009d01fb40c8,1.0,51.8740051620797,31.9909301025685,1.0,1.0,عبدالعلی,علیزاده ,7997148702225,,0,خانگي,1,,,,Operating,9971487/5,سایر مشترکین,000000,0,00,فعال,,1,قابل قطع و وصل از راه دور,10101,,,,2/6/23/01/08/08/1980
11010203222869,EAA0010503222869,9989069,63,19,5a8d5a6c890000a701fb40c9,1.0,51.04249,32.860832,1.0,1.0,مولد خورشیدی دارای قرارداد خرید,محمد محسنی میرابادی,7998906902229,,0,عمومي,2,,,,Operating,9989069/0,سایر مشترکین,000000,0,00,فعال,,1,قابل قطع و وصل از راه دور,21506,,,,2/6/19/01/20/03/0351
