subscription_id,subscriber_type
9932410,FAHAM
187919,FAHAM
8013584,FAHAM
9942046,FAHAM
9920451,FAHAM
8900352,FAHAM
9951334,FAHAM
9942800,FAHAM
9876842,FAHAM
8792286,FAHAM
9856186,FAHAM
9879211,FAHAM
9968043,FAHAM
9099614,FAHAM
9925053,FAHAM
9908015,FAHAM
1890552,FAHAM
9566171,FAHAM
9406870,FAHAM
9935293,FAHAM
8084565,FAHAM
9299592,FAHAM
8931839,FAHAM
8039265,FAHAM
9933490,FAHAM
9950537,FAHAM
8722703,FAHAM
9925116,FAHAM
9989069,FAHAM
9642104,FAHAM
9916415,FAHAM
9961787,FAHAM
9376079,FAHAM
9813966,FAHAM
9938360,FAHAM
9964627,FAHAM
8903053,FAHAM
8093095,FAHAM
9714228,FAHAM
9971487,FAHAM
9957728,FAHAM
8930799,FAHAM
9921228,FAHAM
9891986,FAHAM
9894584,FAHAM
9534131,FAHAM
8832934,FAHAM
9943501,FAHAM
8736524,FAHAM
9947055,FAHAM
848775,NON_FAHAM
752491,NON_FAHAM
9549188,NON_FAHAM
8990418,NON_FAHAM
9813343,NON_FAHAM
1324416,NON_FAHAM
241361,NON_FAHAM
9628999,NON_FAHAM
9554626,NON_FAHAM
9410636,NON_FAHAM
646434,NON_FAHAM
9616277,NON_FAHAM
414859,NON_FAHAM
194813,NON_FAHAM
9472327,NON_FAHAM
9213661,NON_FAHAM
9759212,NON_FAHAM
9878213,NON_FAHAM
1034599,NON_FAHAM
1200184,NON_FAHAM
752608,NON_FAHAM
115298,NON_FAHAM
8787351,NON_FAHAM
9001957,NON_FAHAM
9562941,NON_FAHAM
9102428,NON_FAHAM
244750,NON_FAHAM
9838147,NON_FAHAM
201209,NON_FAHAM
9612736,NON_FAHAM
9437212,NON_FAHAM
197854,NON_FAHAM
413490,NON_FAHAM
1104436,NON_FAHAM
418431,NON_FAHAM
1967176,NON_FAHAM
9543567,NON_FAHAM
8715229,NON_FAHAM
2109085,NON_FAHAM
1179858,NON_FAHAM
1914957,NON_FAHAM
9798191,NON_FAHAM
9382329,NON_FAHAM
9894929,NON_FAHAM
1318068,NON_FAHAM
703397,NON_FAHAM
9443849,NON_FAHAM
1092820,NON_FAHAM
9436910,NON_FAHAM
7036040,NON_FAHAM
223141,NON_FAHAM
846697,NON_FAHAM
9817164,NON_FAHAM
1150946,NON_FAHAM
9996965,NON_FAHAM
9862136,NON_FAHAM
2217013,NON_FAHAM
9727014,NON_FAHAM
1274254,NON_FAHAM
8970324,NON_FAHAM
9627066,NON_FAHAM
151094,NON_FAHAM
1130758,NON_FAHAM
8977372,NON_FAHAM
1256831,NON_FAHAM
9931482,NON_FAHAM
1963266,NON_FAHAM
9243831,NON_FAHAM
9753289,NON_FAHAM
9856717,NON_FAHAM
2401759,NON_FAHAM
9013957,NON_FAHAM
252328,NON_FAHAM
993616,NON_FAHAM
846071,NON_FAHAM
818198,NON_FAHAM
9764695,NON_FAHAM
9522925,NON_FAHAM
636694,NON_FAHAM
9609393,NON_FAHAM
9575364,NON_FAHAM
992873,NON_FAHAM
1236849,NON_FAHAM
185499,NON_FAHAM
9456727,NON_FAHAM
8672054,NON_FAHAM
9854364,NON_FAHAM
859159,NON_FAHAM
777227,NON_FAHAM
9653072,NON_FAHAM
9671694,NON_FAHAM
810228,NON_FAHAM
925818,NON_FAHAM
1868494,NON_FAHAM
9728766,NON_FAHAM
9435882,NON_FAHAM
9460847,NON_FAHAM
2408326,NON_FAHAM
9702258,NON_FAHAM
9980450,NON_FAHAM
9768672,NON_FAHAM
9492043,NON_FAHAM
919710,NON_FAHAM
9713853,NON_FAHAM
9428977,NON_FAHAM
9357829,NON_FAHAM
651101,NON_FAHAM
1312708,NON_FAHAM
1213331,NON_FAHAM
2110064,NON_FAHAM
693999,NON_FAHAM
877787,NON_FAHAM
9839617,NON_FAHAM
1282483,NON_FAHAM
7009860,NON_FAHAM
9047511,NON_FAHAM
207929,NON_FAHAM
9160719,NON_FAHAM
7026159,NON_FAHAM
9393625,NON_FAHAM
160725,NON_FAHAM
1916037,NON_FAHAM
9883959,NON_FAHAM
1894585,NON_FAHAM
9640937,NON_FAHAM
1264169,NON_FAHAM
9176806,NON_FAHAM
7041644,NON_FAHAM
9209856,NON_FAHAM
1130443,NON_FAHAM
8689039,NON_FAHAM
1257011,NON_FAHAM
1173934,NON_FAHAM
128436,NON_FAHAM
2405181,NON_FAHAM
2110624,NON_FAHAM
9269522,NON_FAHAM
9449301,NON_FAHAM
1253154,NON_FAHAM
9531836,NON_FAHAM
256246,NON_FAHAM
921778,NON_FAHAM
1187809,NON_FAHAM
9337014,NON_FAHAM
8662268,NON_FAHAM
9734001,NON_FAHAM
9091131,NON_FAHAM
9404242,NON_FAHAM
9419206,NON_FAHAM
9192222,NON_FAHAM
